﻿<parameters>
  <parameter name="IIS Web Application Name" defaultValue="Default Web Site/KerbTest_deploy" tags="IisApp">
    <parameterEntry kind="ProviderPath" scope="IisApp" match="^C:\\Users\\zbowden\\Local-Storage\\KerbTest\\KerbTest\\obj\\Release\\Package\\PackageTmp$" />
    <parameterEntry kind="ProviderPath" scope="setAcl" match="^C:\\Users\\zbowden\\Local-Storage\\KerbTest\\KerbTest\\obj\\Release\\Package\\PackageTmp$" />
  </parameter>
  <parameter name="DefaultConnection-Web.config Connection String" defaultValue="Data Source=(LocalDb)\v11.0;Initial Catalog=aspnet-KerbTest-20130510161134;Integrated Security=SSPI;AttachDBFilename=|DataDirectory|\aspnet-KerbTest-20130510161134.mdf">
    <parameterEntry kind="XmlFile" scope="C:\\Users\\zbowden\\Local-Storage\\KerbTest\\KerbTest\\obj\\Release\\Package\\PackageTmp\\Web\.config$" match="/configuration/connectionStrings/add[@name='DefaultConnection']/@connectionString" />
  </parameter>
  <parameter name="SQLConnectionString-Web.config Connection String" description="SQLConnectionString Connection String used in web.config by the application to access the database." defaultValue="Data Source=sql_server_fqdn;Initial Catalog=master;Integrated Security=True" tags="SqlConnectionString">
    <parameterEntry kind="XmlFile" scope="C:\\Users\\zbowden\\Local-Storage\\KerbTest\\KerbTest\\obj\\Release\\Package\\PackageTmp\\Web\.config$" match="/configuration/connectionStrings/add[@name='SQLConnectionString']/@connectionString" />
  </parameter>
  <parameter name="PGConnection-Web.config Connection String" description="PGConnection Connection String used in web.config by the application to access the database." defaultValue="DSN=MBTASP_DSN" tags="SqlConnectionString">
    <parameterEntry kind="XmlFile" scope="C:\\Users\\zbowden\\Local-Storage\\KerbTest\\KerbTest\\obj\\Release\\Package\\PackageTmp\\Web\.config$" match="/configuration/connectionStrings/add[@name='PGConnection']/@connectionString" />
  </parameter>
</parameters>